Nome;Ruolo;Squadra;Lega;Prezzo;CostoOfferta;Eta;ExpectedBonus;ExpectedMalus;Availability;ChancesCreated;AssistRate;Presenze;MediaVoto;Fantamedia;GolFatti;Assist;Ammonizioni;Espulsioni
Carnesecchi;P;Atalanta;Serie A;22;22;;0.08;0.0;0.97;0;0.0;37;6.36;5.58;0;0;0;0
Milinkovic-Savic V.;P;Napoli;Serie A;20;20;;0.15;0.0;0.71;0;0.0;27;6.2;5.65;0;0;0;0
Svilar;P;Roma;Serie A;22;22;;0.0;0.0;1.0;0;0.0;38;6.26;5.45;0;0;0;0
Butez;P;Como;Serie A;23;23;;0.08;0.09;1.0;0;0.03;38;6.07;5.37;0;1;3;0
Maignan;P;Milan;Serie A;21;21;;0.0;0.12;0.97;0;0.0;37;6.26;5.42;0;0;4;0
Di Gregorio;P;Juventus;Serie A;20;20;;0.0;0.03;0.79;0;0.0;30;6.08;5.33;0;0;1;0
Falcone;P;Lecce;Serie A;22;22;;0.0;0.06;1.0;0;0.0;38;6.41;5.22;0;0;2;0
Okoye;P;Udinese;Serie A;21;21;;0.08;0.28;0.79;0;0.03;30;6.07;5.08;0;1;1;1
Sommer;P;Inter;Serie A;20;20;;0.0;0.0;0.87;0;0.0;33;5.92;5.02;0;0;0;0
Caprile;P;Cagliari;Serie A;22;22;;0.0;0.06;1.0;0;0.0;38;6.29;4.87;0;0;2;0
Audero;P;Cremonese;Serie A;20;20;;0.0;0.0;0.89;0;0.0;34;6.21;4.91;0;0;0;0
De Gea;P;Fiorentina;Serie A;21;21;;0.0;0.0;0.97;0;0.0;37;6.24;5.0;0;0;0;0
Montipò;P;Verona;Serie A;22;22;;0.08;0.0;0.92;0;0.03;35;6.2;4.94;0;1;0;0
Skorupski;P;Bologna;Serie A;16;16;;0.0;0.28;0.47;0;0.0;18;6.19;5.28;0;0;1;1
Provedel;P;Lazio;Serie A;19;19;;0.0;0.03;0.71;0;0.0;27;6.26;5.35;0;0;1;0
Suzuki;P;Parma;Serie A;17;17;;0.0;0.03;0.53;0;0.0;20;6.02;4.75;0;0;1;0
Muric;P;Sassuolo;Serie A;20;20;;0.0;0.12;0.84;0;0.0;32;6.08;4.77;0;0;4;0
Bijlow;P;Genoa;Serie A;16;16;;0.0;0.03;0.42;0;0.0;16;6.06;4.78;0;0;1;0
Leali;P;Genoa;Serie A;18;18;;0.0;0.31;0.58;0;0.0;22;6.16;4.84;0;0;2;1
Corvi;P;Parma;Serie A;16;16;;0.0;0.03;0.45;0;0.0;17;6.18;5.09;0;0;1;0
Paleari;P;Torino;Serie A;19;19;;0.0;0.03;0.76;0;0.0;29;6.09;4.52;0;0;1;0
Perin;P;Juventus;Serie A;14;14;;0.0;0.0;0.24;0;0.0;9;6.11;5.11;0;0;0;0
Meret;P;Napoli;Serie A;16;16;;0.08;0.03;0.29;0;0.09;11;6.23;5.18;0;1;1;0
Turati;P;Sassuolo;Serie A;14;14;;0.0;0.0;0.16;0;0.0;6;6.17;5.0;0;0;0;0
Semper;P;Pisa;Serie A;18;18;;0.0;0.0;0.66;0;0.0;25;6.06;4.38;0;0;0;0
Pessina Mas.;P;Bologna;Serie A;14;14;;0.12;0.0;0.11;0;0.0;4;6.12;5.62;0;0;0;0
Martinez Jo.;P;Inter;Serie A;13;13;;0.0;0.0;0.13;0;0.0;5;6.0;5.2;0;0;0;0
Motta;P;Lazio;Serie A;14;14;;0.0;0.03;0.24;0;0.0;9;6.0;5.17;0;0;1;0
Ravaglia F.;P;Bologna;Serie A;16;16;;0.0;0.12;0.45;0;0.0;17;6.21;4.38;0;0;4;0
Furlanetto;P;Lazio;Serie A;12;12;;0.0;0.0;0.05;0;0.0;2;6.5;5.0;0;0;0;0
Guaita;P;Parma;Serie A;12;12;;0.0;0.0;0.0;0;0.0;0;0.0;0.0;0;0;0;0
Christensen O.;P;Fiorentina;Serie A;19;19;;1.0;0.0;0.03;0;0.0;1;7.5;6.5;0;0;0;0
Rossi F.;P;Atalanta;Serie A;12;12;;0.0;0.0;0.0;0;0.0;0;0.0;0.0;0;0;0;0
Sportiello;P;Atalanta;Serie A;12;12;;0.0;0.0;0.03;0;0.0;1;5.5;4.5;0;0;0;0
Ciocci;P;Cagliari;Serie A;12;12;;0.0;0.0;0.0;0;0.0;0;0.0;0.0;0;0;0;0
Radunovic;P;Cagliari;Serie A;12;12;;0.0;0.0;0.0;0;0.0;0;0.0;0.0;0;0;0;0
Vigorito;P;Como;Serie A;12;12;;0.0;0.0;0.0;0;0.0;0;0.0;0.0;0;0;0;0
Nava;P;Cremonese;Serie A;12;12;;0.0;0.0;0.0;0;0.0;0;0.0;0.0;0;0;0;0
Martinelli T.;P;Fiorentina;Serie A;12;12;;0.0;0.0;0.0;0;0.0;0;0.0;0.0;0;0;0;0
Siegrist;P;Genoa;Serie A;12;12;;0.0;0.0;0.0;0;0.0;0;0.0;0.0;0;0;0;0
Sommariva;P;Genoa;Serie A;12;12;;0.0;0.0;0.05;0;0.0;2;5.75;3.75;0;0;0;0
Di Gennaro;P;Inter;Serie A;12;12;;0.0;0.0;0.03;0;0.0;1;6.0;5.0;0;0;0;0
Pinsoglio;P;Juventus;Serie A;12;12;;0.0;0.0;0.0;0;0.0;0;0.0;0.0;0;0;0;0
Mandas;P;Lazio;Serie A;12;12;;0.0;0.0;0.0;0;0.0;0;0.0;0.0;0;0;0;0
Fruchtl;P;Lecce;Serie A;12;12;;0.0;0.0;0.0;0;0.0;0;0.0;0.0;0;0;0;0
Samooja;P;Lecce;Serie A;12;12;;0.0;0.0;0.0;0;0.0;0;0.0;0.0;0;0;0;0
Terracciano;P;Milan;Serie A;16;16;;0.5;0.0;0.05;0;0.0;2;6.0;6.0;0;0;0;0
Torriani;P;Milan;Serie A;12;12;;0.0;0.0;0.0;0;0.0;0;0.0;0.0;0;0;0;0
Contini;P;Napoli;Serie A;12;12;;0.0;0.0;0.0;0;0.0;0;0.0;0.0;0;0;0;0
Rinaldi;P;Parma;Serie A;19;19;;1.0;0.03;0.03;0;0.0;1;7.0;6.5;0;0;1;0
Nicolas;P;Pisa;Serie A;14;14;;0.0;0.0;0.16;0;0.0;6;5.92;3.58;0;0;0;0
Scuffet;P;Pisa;Serie A;14;14;;0.0;0.0;0.18;0;0.0;7;6.21;4.07;0;0;0;0
Zelezny;P;Roma;Serie A;12;12;;0.0;0.0;0.0;0;0.0;0;0.0;0.0;0;0;0;0
Gollini;P;Roma;Serie A;12;12;;0.0;0.0;0.0;0;0.0;0;0.0;0.0;0;0;0;0
Russo A.;P;Sassuolo;Serie A;12;12;;0.0;0.0;0.0;0;0.0;0;0.0;0.0;0;0;0;0
Satalino;P;Sassuolo;Serie A;12;12;;0.0;0.0;0.0;0;0.0;0;0.0;0.0;0;0;0;0
Donnarumma An.;P;Torino;Serie A;12;12;;0.0;0.0;0.0;0;0.0;0;0.0;0.0;0;0;0;0
Israel;P;Torino;Serie A;14;14;;0.0;0.03;0.24;0;0.0;9;5.89;3.83;0;0;1;0
Popa;P;Torino;Serie A;12;12;;0.0;0.0;0.0;0;0.0;0;0.0;0.0;0;0;0;0
Padelli;P;Udinese;Serie A;12;12;;0.0;0.0;0.05;0;0.0;2;6.25;5.25;0;0;0;0
Sava;P;Udinese;Serie A;14;14;;0.0;0.03;0.18;0;0.0;7;5.57;3.5;0;0;1;0
Perilli;P;Verona;Serie A;13;13;;0.0;0.0;0.08;0;0.0;3;6.17;3.83;0;0;0;0
Vasquez D.;P;Roma;Serie A;12;12;;0.0;0.0;0.0;0;0.0;0;0.0;0.0;0;0;0;0
Nunziante;P;Udinese;Serie A;12;12;;0.0;0.0;0.0;0;0.0;0;0.0;0.0;0;0;0;0
Lezzerini;P;Fiorentina;Serie A;12;12;;0.0;0.0;0.0;0;0.0;0;0.0;0.0;0;0;0;0
Silvestri;P;Cremonese;Serie A;13;13;;0.0;0.0;0.11;0;0.0;4;6.38;4.62;0;0;0;0
Toniolo;P;Verona;Serie A;12;12;;0.0;0.0;0.0;0;0.0;0;0.0;0.0;0;0;0;0
Cavlina;P;Como;Serie A;12;12;;0.0;0.0;0.0;0;0.0;0;0.0;0.0;0;0;0;0
Ferrante;P;Napoli;Serie A;12;12;;0.0;0.0;0.0;0;0.0;0;0.0;0.0;0;0;0;0
Calligaris;P;Inter;Serie A;12;12;;0.0;0.0;0.0;0;0.0;0;0.0;0.0;0;0;0;0
Tornqvist;P;Como;Serie A;12;12;;0.0;0.0;0.0;0;0.0;0;0.0;0.0;0;0;0;0
Sherri;P;Cagliari;Serie A;12;12;;0.0;0.0;0.0;0;0.0;0;0.0;0.0;0;0;0;0
Siviero;P;Torino;Serie A;12;12;;0.0;0.0;0.0;0;0.0;0;0.0;0.0;0;0;0;0
Pannozzo;P;Lazio;Serie A;12;12;;0.0;0.0;0.0;0;0.0;0;0.0;0.0;0;0;0;0
Giacomone;P;Lazio;Serie A;12;12;;0.0;0.0;0.0;0;0.0;0;0.0;0.0;0;0;0;0
Dimarco;D;Inter;Serie A;72;72;;4.55;0.09;0.92;0;0.49;35;6.6;7.64;7;17;3;0
Bremer;D;Juventus;Serie A;39;39;;2.15;0.15;0.68;0;0.12;26;6.33;6.81;4;3;5;0
Pavlovic;D;Milan;Serie A;39;39;;1.87;0.12;0.89;0;0.0;34;6.24;6.62;5;0;4;0
Palestra;D;Cagliari;Serie A;33;33;;1.39;0.09;0.97;0;0.11;37;6.27;6.42;1;4;3;0
Kempf;D;Como;Serie A;36;36;;1.7;0.09;0.76;0;0.03;29;6.12;6.52;4;1;3;0
Spinazzola;D;Napoli;Serie A;36;36;;1.74;0.03;0.79;0;0.1;30;6.17;6.55;3;3;1;0
Scalvini;D;Atalanta;Serie A;31;31;;1.47;0.06;0.63;0;0.04;24;6.06;6.44;3;1;2;0
Bisseck;D;Inter;Serie A;34;34;;1.76;0.06;0.61;0;0.09;23;6.22;6.65;3;2;2;0
Mancini;D;Roma;Serie A;38;38;;1.77;0.27;0.95;0;0.06;36;6.25;6.51;4;2;9;0
Ostigard;D;Genoa;Serie A;37;37;;1.77;0.21;0.79;0;0.0;30;6.13;6.52;5;0;7;0
Kalulu;D;Juventus;Serie A;35;35;;1.47;0.31;0.97;0;0.11;37;6.14;6.35;2;4;2;1
Celik;D;Roma;Serie A;28;28;;1.08;0.31;0.84;0;0.06;32;6.17;6.27;1;2;2;1
Wesley;D;Roma;Serie A;37;37;;1.72;0.65;0.79;0;0.0;30;6.12;6.47;5;0;5;2
Solet;D;Udinese;Serie A;34;34;;1.43;0.03;0.89;0;0.03;34;6.18;6.4;3;1;1;0
Bastoni;D;Inter;Serie A;30;30;;1.31;0.18;0.74;0;0.14;28;6.2;6.34;1;4;6;0
Hermoso;D;Roma;Serie A;33;33;;1.52;0.27;0.71;0;0.07;27;6.17;6.41;3;2;9;0
Rensch;D;Roma;Serie A;29;29;;1.47;0.03;0.5;0;0.21;19;6.16;6.5;1;4;1;0
Akanji;D;Inter;Serie A;29;29;;1.21;0.12;0.84;0;0.0;32;6.28;6.41;2;0;4;0
Zappacosta;D;Atalanta;Serie A;33;33;;1.33;0.09;0.92;0;0.03;35;6.06;6.3;3;1;3;0
Dumfries;D;Inter;Serie A;31;31;;1.61;0.06;0.5;0;0.05;19;6.11;6.58;3;1;2;0
N'Dicka;D;Roma;Serie A;32;32;;1.35;0.15;0.82;0;0.03;31;6.08;6.32;3;1;5;0
Gosens;D;Fiorentina;Serie A;30;30;;1.31;0.06;0.66;0;0.04;25;5.92;6.28;3;1;2;0
Vasquez;D;Genoa;Serie A;26;26;;0.79;0.06;0.95;0;0.0;36;6.08;6.14;1;0;2;0
Kelly L.;D;Juventus;Serie A;26;26;;0.8;0.12;0.92;0;0.03;35;6.01;6.07;1;1;4;0
Rrahmani;D;Napoli;Serie A;27;27;;1.25;0.09;0.55;0;0.0;21;6.24;6.45;2;0;3;0
Valeri;D;Parma;Serie A;25;25;;0.75;0.06;0.89;0;0.06;34;6.06;6.09;0;2;2;0
Kristensen T.;D;Udinese;Serie A;30;30;;1.18;0.12;0.74;0;0.0;28;5.98;6.23;3;0;4;0
Athekame;D;Milan;Serie A;27;27;;1.28;0.09;0.45;0;0.12;17;5.94;6.32;2;2;3;0
Holm;D;Juventus;Serie A;28;28;;1.41;0.28;0.42;0;0.25;16;6.09;6.44;1;4;1;1
Miranda J.;D;Bologna;Serie A;28;28;;0.99;0.18;0.82;0;0.1;31;6.0;6.1;1;3;6;0
Vojvoda;D;Como;Serie A;28;28;;1.12;0.06;0.71;0;0.04;27;6.02;6.24;2;1;2;0
Valle;D;Como;Serie A;28;28;;1.12;0.09;0.68;0;0.12;26;6.06;6.23;1;3;3;0
Dodò;D;Fiorentina;Serie A;28;28;;0.84;0.21;0.95;0;0.06;36;5.99;6.03;1;2;7;0
Martin;D;Genoa;Serie A;30;30;;1.15;0.06;0.76;0;0.17;29;5.97;6.1;1;5;2;0
Carlos Augusto;D;Inter;Serie A;25;25;;0.89;0.18;0.74;0;0.04;28;6.12;6.16;1;1;6;0
Tiago Gabriel;D;Lecce;Serie A;28;28;;0.81;0.21;0.95;0;0.0;36;6.0;6.01;2;0;7;0
Gallo;D;Lecce;Serie A;26;26;;0.73;0.09;0.97;0;0.08;37;5.95;5.99;0;3;3;0
Bartesaghi;D;Milan;Serie A;27;27;;0.85;0.09;0.82;0;0.0;31;5.97;6.05;2;0;3;0
Beukema;D;Napoli;Serie A;25;25;;0.96;0.06;0.58;0;0.0;22;5.93;6.16;2;0;2;0
Di Lorenzo;D;Napoli;Serie A;29;29;;1.21;0.03;0.68;0;0.04;26;6.08;6.33;2;1;1;0
Delprato;D;Parma;Serie A;27;27;;0.81;0.15;0.92;0;0.0;35;5.91;6.01;2;0;5;0
Kabasele;D;Udinese;Serie A;29;29;;1.13;0.4;0.74;0;0.0;28;5.98;6.18;3;0;5;1
Ramon;D;Como;Serie A;27;27;;0.94;0.58;0.84;0;0.0;32;6.16;6.14;2;0;11;1
Belghali;D;Verona;Serie A;26;26;;1.01;0.18;0.68;0;0.0;26;6.1;6.21;2;0;6;0
Gutierrez;D;Napoli;Serie A;24;24;;0.9;0.0;0.55;0;0.05;21;5.98;6.17;1;1;0;0
Obrador;D;Torino;Serie A;26;26;;1.3;0.03;0.42;0;0.19;16;6.06;6.41;1;3;1;0
Posch;D;Como;Serie A;21;21;;1.03;0.03;0.21;0;0.0;8;6.06;6.38;1;0;1;0
Mina;D;Cagliari;Serie A;27;27;;1.05;0.34;0.68;0;0.04;26;6.0;6.17;2;1;3;1
Moreno Alb.;D;Como;Serie A;26;26;;1.26;0.12;0.42;0;0.06;16;6.06;6.38;2;1;4;0
Cambiaso;D;Juventus;Serie A;35;35;;1.26;0.34;0.95;0;0.11;36;5.81;5.99;3;4;3;1
Baschirotto;D;Cremonese;Serie A;27;27;;0.92;0.06;0.76;0;0.0;29;5.95;6.12;2;0;2;0
Angori;D;Pisa;Serie A;24;24;;0.6;0.06;0.92;0;0.06;35;5.91;5.94;0;2;2;0
Coco;D;Torino;Serie A;25;25;;0.64;0.09;0.92;0;0.03;35;5.84;5.91;1;1;3;0
Bernasconi;D;Atalanta;Serie A;24;24;;0.9;0.09;0.58;0;0.14;22;6.09;6.16;0;3;3;0
Luperto;D;Cremonese;Serie A;25;25;;0.63;0.12;0.89;0;0.03;34;5.84;5.9;1;1;4;0
Zortea;D;Bologna;Serie A;22;22;;0.55;0.06;0.74;0;0.07;28;5.86;5.89;0;2;2;0
Pavard;D;Inter;Serie A;17;17;;1.0;0.0;0.03;0;0.0;1;6.5;6.5;0;0;0;0
Gila;D;Lazio;Serie A;21;21;;0.45;0.34;0.82;0;0.0;31;6.03;5.95;0;0;3;1
Romagnoli;D;Lazio;Serie A;21;21;;0.42;0.4;0.84;0;0.0;32;6.03;5.92;0;0;5;1
Marusic;D;Lazio;Serie A;26;26;;0.78;0.28;0.87;0;0.06;33;5.86;5.97;1;2;1;1
Tomori;D;Milan;Serie A;22;22;;0.46;0.43;0.84;0;0.03;32;5.97;5.88;0;1;6;1
Buongiorno;D;Napoli;Serie A;22;22;;0.46;0.09;0.84;0;0.03;32;5.89;5.88;0;1;3;0
Circati;D;Parma;Serie A;23;23;;0.57;0.18;0.82;0;0.0;31;5.92;5.92;1;0;6;0
Muharemovic;D;Sassuolo;Serie A;27;27;;0.77;0.21;0.84;0;0.03;32;5.91;5.89;2;1;7;0
Maripan;D;Torino;Serie A;26;26;;0.9;0.12;0.68;0;0.0;26;5.94;6.1;2;0;4;0
Ghilardi;D;Roma;Serie A;18;18;;0.45;0.03;0.55;0;0.0;21;5.98;5.95;0;0;1;0
Tchatchoua;D;Verona;Serie A;10;10;;0.0;0.0;0.0;0;0.0;0;0.0;0.0;0;0;0;0
Idzes;D;Sassuolo;Serie A;22;22;;0.4;0.09;0.92;0;0.0;35;5.94;5.9;0;0;3;0
Diego Carlos;D;Como;Serie A;23;23;;0.75;0.24;0.66;0;0.0;25;6.14;6.1;1;0;8;0
Garcia U.;D;Sassuolo;Serie A;25;25;;1.27;0.09;0.32;0;0.17;12;6.17;6.46;1;2;3;0
Djimsiti;D;Atalanta;Serie A;20;20;;0.3;0.12;0.87;0;0.0;33;5.86;5.8;0;0;4;0
Kolasinac;D;Atalanta;Serie A;17;17;;0.44;0.09;0.45;0;0.0;17;6.03;5.94;0;0;3;0
Lucumì;D;Bologna;Serie A;22;22;;0.54;0.15;0.74;0;0.0;28;5.88;5.89;1;0;5;0
Obert;D;Cagliari;Serie A;24;24;;0.56;0.49;0.89;0;0.09;34;5.88;5.82;0;3;8;1
Marcandalli;D;Genoa;Serie A;21;21;;0.42;0.12;0.82;0;0.03;31;5.87;5.84;0;1;4;0
Norton-Cuffy;D;Genoa;Serie A;27;27;;0.97;0.34;0.71;0;0.04;27;5.93;6.09;2;1;3;1
Provstgaard;D;Lazio;Serie A;18;18;;0.35;0.09;0.61;0;0.0;23;5.91;5.85;0;0;3;0
Terracciano F.;D;Cremonese;Serie A;26;26;;0.63;0.18;0.92;0;0.0;35;5.86;5.83;2;0;6;0
Leoni;D;Parma;Serie A;10;10;;0.0;0.0;0.0;0;0.0;0;0.0;0.0;0;0;0;0
Angelino;D;Roma;Serie A;13;13;;0.17;0.06;0.16;0;0.0;6;5.83;5.67;0;0;2;0
Pedersen;D;Torino;Serie A;25;25;;0.77;0.09;0.74;0;0.07;28;5.84;5.96;1;2;3;0
Ehizibue;D;Udinese;Serie A;25;25;;0.76;0.15;0.68;0;0.0;26;5.83;5.96;2;0;5;0
Frese;D;Verona;Serie A;25;25;;0.64;0.24;0.82;0;0.0;31;5.84;5.84;2;0;8;0
Hien;D;Atalanta;Serie A;22;22;;0.51;0.15;0.74;0;0.0;28;5.91;5.86;1;0;5;0
Kossounou;D;Atalanta;Serie A;21;21;;0.74;0.03;0.42;0;0.0;16;5.94;6.09;1;0;1;0
Bellanova;D;Atalanta;Serie A;19;19;;0.4;0.06;0.58;0;0.05;22;5.82;5.82;0;1;2;0
Zappa;D;Cagliari;Serie A;23;23;;0.72;0.06;0.66;0;0.12;25;5.9;5.98;0;3;2;0
Smolcic I.;D;Como;Serie A;20;20;;0.42;0.24;0.66;0;0.04;25;5.96;5.84;0;1;8;0
Barbieri;D;Cremonese;Serie A;20;20;;0.45;0.24;0.68;0;0.04;26;5.98;5.87;0;1;8;0
Ranieri L.;D;Fiorentina;Serie A;22;22;;0.44;0.49;0.82;0;0.0;31;5.85;5.79;1;0;8;1
Parisi;D;Fiorentina;Serie A;23;23;;0.71;0.18;0.61;0;0.04;23;6.02;5.98;1;1;6;0
De Winter;D;Milan;Serie A;23;23;;0.63;0.03;0.63;0;0.04;24;5.75;5.9;1;1;1;0
Cabal;D;Juventus;Serie A;25;25;;1.36;0.03;0.24;0;0.0;9;5.94;6.56;2;0;1;0
Joao Mario;D;Bologna;Serie A;21;21;;0.73;0.06;0.37;0;0.07;14;5.79;6.0;1;1;2;0
Tavares N.;D;Lazio;Serie A;18;18;;0.3;0.15;0.58;0;0.0;22;5.91;5.8;0;0;5;0
Zanoli;D;Udinese;Serie A;25;25;;1.1;0.03;0.5;0;0.11;19;6.05;6.29;1;2;1;0
Caracciolo A.;D;Pisa;Serie A;26;26;;0.57;0.3;0.92;0;0.0;35;5.8;5.77;2;0;10;0
Ismajli;D;Torino;Serie A;21;21;;0.56;0.15;0.63;0;0.08;24;5.92;5.9;0;2;5;0
Kamara H.;D;Udinese;Serie A;21;21;;0.53;0.15;0.68;0;0.08;26;5.88;5.87;0;2;5;0
Bradaric;D;Verona;Serie A;22;22;;0.5;0.06;0.76;0;0.07;29;5.81;5.84;0;2;2;0
Siebert;D;Lecce;Serie A;19;19;;0.41;0.09;0.5;0;0.0;19;5.68;5.76;1;0;3;0
Edmundsson;D;Verona;Serie A;15;15;;0.23;0.09;0.39;0;0.0;15;5.97;5.73;0;0;3;0
Idrissi R.;D;Cagliari;Serie A;23;23;;0.89;0.09;0.45;0;0.0;17;5.82;6.09;2;0;3;0
Dossena;D;Cagliari;Serie A;15;15;;0.26;0.15;0.29;0;0.09;11;5.82;5.68;0;1;5;0
Van Der Brempt;D;Como;Serie A;18;18;;0.54;0.06;0.37;0;0.07;14;5.96;5.96;0;1;2;0
Floriani Mussolini;D;Cremonese;Serie A;18;18;;0.3;0.06;0.61;0;0.04;23;5.72;5.72;0;1;2;0
Pongracic;D;Fiorentina;Serie A;20;20;;0.17;0.36;0.92;0;0.0;35;5.84;5.67;0;0;12;0
Acerbi;D;Inter;Serie A;17;17;;0.44;0.09;0.42;0;0.0;16;6.03;5.94;0;0;3;0
Gatti;D;Juventus;Serie A;24;24;;1.02;0.09;0.42;0;0.0;16;5.94;6.22;2;0;3;0
Pellegrini Lu.;D;Lazio;Serie A;21;21;;0.46;0.24;0.63;0;0.0;24;5.85;5.81;1;0;8;0
Veiga D.;D;Lecce;Serie A;20;20;;0.19;0.27;0.95;0;0.0;36;5.82;5.69;0;0;9;0
Gabbia;D;Milan;Serie A;20;20;;0.34;0.12;0.76;0;0.0;29;5.91;5.84;0;0;4;0
Jimenez A.;D;Milan;Serie A;10;10;;0.0;0.03;0.03;0;0.0;1;5.5;5.0;0;0;1;0
Olivera;D;Napoli;Serie A;17;17;;0.18;0.09;0.58;0;0.0;22;5.75;5.68;0;0;3;0
Valenti;D;Parma;Serie A;19;19;;0.33;0.21;0.71;0;0.0;27;5.96;5.83;0;0;7;0
Canestrelli;D;Pisa;Serie A;23;23;;0.37;0.12;0.97;0;0.0;37;5.69;5.72;1;0;4;0
Walukiewicz;D;Sassuolo;Serie A;21;21;;0.32;0.21;0.89;0;0.03;34;5.81;5.74;0;1;7;0
Bertola;D;Udinese;Serie A;20;20;;0.42;0.09;0.66;0;0.04;25;5.86;5.84;0;1;3;0
Ebosse;D;Torino;Serie A;17;17;;0.3;0.12;0.42;0;0.06;16;5.75;5.72;0;1;4;0
Cuadrado;D;Pisa;Serie A;21;21;;0.78;0.09;0.39;0;0.0;15;6.03;6.13;1;0;3;0
Nelsson;D;Verona;Serie A;20;20;;0.07;0.12;0.97;0;0.0;37;5.68;5.57;0;0;4;0
Troilo;D;Parma;Serie A;19;19;;0.36;0.65;0.55;0;0.0;21;5.79;5.71;1;0;5;2
Zè Pedro;D;Cagliari;Serie A;18;18;;0.26;0.18;0.58;0;0.05;22;5.77;5.68;0;1;6;0
Ahanor;D;Atalanta;Serie A;17;17;;0.19;0.31;0.55;0;0.0;21;5.79;5.69;0;0;2;1
Vitik;D;Bologna;Serie A;17;17;;0.36;0.09;0.47;0;0.0;18;5.94;5.86;0;0;3;0
Bianchetti;D;Cremonese;Serie A;19;19;;0.27;0.12;0.71;0;0.04;27;5.72;5.69;0;1;4;0
Folino;D;Cremonese;Serie A;19;19;;0.7;0.0;0.29;0;0.0;11;5.77;6.05;1;0;0;0
Pezzella Giu.;D;Cremonese;Serie A;19;19;;0.13;0.49;0.82;0;0.03;31;5.68;5.55;0;1;8;1
Comuzzo;D;Fiorentina;Serie A;20;20;;0.4;0.06;0.63;0;0.0;24;5.75;5.75;1;0;2;0
Thiaw;D;Milan;Serie A;10;10;;0.0;0.0;0.0;0;0.0;0;0.0;0.0;0;0;0;0
Juan Jesus;D;Napoli;Serie A;16;16;;0.12;0.49;0.55;0;0.0;21;5.86;5.62;0;0;8;1
Mazzocchi;D;Napoli;Serie A;17;17;;0.52;0.25;0.24;0;0.11;9;5.94;5.94;0;1;0;1
Salah-Eddine;D;Roma;Serie A;10;10;;0.0;0.0;0.0;0;0.0;0;0.0;0.0;0;0;0;0
Doig;D;Sassuolo;Serie A;19;19;;0.26;0.15;0.71;0;0.0;27;5.85;5.76;0;0;5;0
Lazaro;D;Torino;Serie A;21;21;;0.36;0.12;0.79;0;0.07;30;5.7;5.7;0;2;4;0
Unai Nunez;D;Verona;Serie A;15;15;;0.09;0.15;0.45;0;0.0;17;5.85;5.59;0;0;5;0
Oyegoke;D;Verona;Serie A;14;14;;0.2;0.06;0.26;0;0.0;10;5.8;5.7;0;0;2;0
Heggem;D;Bologna;Serie A;18;18;;0.3;0.25;0.66;0;0.0;25;5.84;5.8;0;0;0;1
Britschgi;D;Parma;Serie A;21;21;;0.36;0.4;0.74;0;0.07;28;5.75;5.7;0;2;5;1
Rodriguez Ju.;D;Cagliari;Serie A;18;18;;0.37;0.09;0.42;0;0.0;16;5.62;5.72;1;0;3;0
Coulibaly W.;D;Sassuolo;Serie A;15;15;;0.14;0.06;0.47;0;0.0;18;5.69;5.64;0;0;2;0
Erlic;D;Bologna;Serie A;10;10;;0.0;0.0;0.0;0;0.0;0;0.0;0.0;0;0;0;0
De Silvestri;D;Bologna;Serie A;16;16;;0.45;0.06;0.26;0;0.0;10;6.05;5.95;0;0;2;0
Azzi;D;Cremonese;Serie A;10;10;;0.0;0.0;0.0;0;0.0;0;0.0;0.0;0;0;0;0
Vogliacco;D;Genoa;Serie A;10;10;;0.0;0.0;0.0;0;0.0;0;0.0;0.0;0;0;0;0
Sabelli;D;Genoa;Serie A;14;14;;0.15;0.0;0.34;0;0.0;13;5.81;5.65;0;0;0;0
De Vrij;D;Inter;Serie A;16;16;;0.56;0.03;0.21;0;0.0;8;6.12;6.06;0;0;1;0
Darmian;D;Inter;Serie A;15;15;;0.5;0.0;0.13;0;0.0;5;6.0;6.0;0;0;0;0
Savona;D;Juventus;Serie A;10;10;;0.0;0.0;0.0;0;0.0;0;0.0;0.0;0;0;0;0
Patric;D;Lazio;Serie A;14;14;;0.25;0.06;0.26;0;0.0;10;5.85;5.75;0;0;2;0
Lazzari;D;Lazio;Serie A;16;16;;0.24;0.06;0.45;0;0.0;17;5.79;5.74;0;0;2;0
Marianucci;D;Torino;Serie A;16;16;;0.31;0.06;0.29;0;0.09;11;5.73;5.73;0;1;2;0
Balogh;D;Parma;Serie A;10;10;;0.0;0.0;0.0;0;0.0;0;0.0;0.0;0;0;0;0
Calabresi;D;Pisa;Serie A;17;17;;0.08;0.24;0.66;0;0.0;25;5.74;5.58;0;0;8;0
Giannetti L.;D;Udinese;Serie A;10;10;;0.0;0.0;0.0;0;0.0;0;0.0;0.0;0;0;0;0
Zemura;D;Udinese;Serie A;16;16;;0.27;0.09;0.39;0;0.0;15;5.87;5.77;0;0;3;0
Valentini N.;D;Verona;Serie A;15;15;;0.08;0.43;0.5;0;0.0;19;5.79;5.58;0;0;6;1
Bella-Kotchap;D;Verona;Serie A;16;16;;0.25;0.09;0.47;0;0.0;18;5.83;5.75;0;0;3;0
Tsimikas;D;Roma;Serie A;15;15;;0.19;0.03;0.34;0;0.0;13;5.73;5.69;0;0;1;0
Zatterstrom;D;Genoa;Serie A;14;14;;0.5;0.0;0.05;0;0.0;2;6.0;6.0;0;0;0;0
Carboni F.;D;Parma;Serie A;14;14;;0.5;0.0;0.05;0;0.0;2;6.0;6.0;0;0;0;0
Pedro Felipe;D;Sassuolo;Serie A;17;17;;0.83;0.0;0.05;0;0.5;2;5.75;6.25;0;1;0;0
Bonfanti;D;Pisa;Serie A;13;13;;0.06;0.03;0.24;0;0.0;9;5.61;5.56;0;0;1;0
Lykogiannis;D;Bologna;Serie A;14;14;;0.14;0.09;0.21;0;0.12;8;5.62;5.56;0;1;3;0
Di Pardo;D;Cagliari;Serie A;10;10;;0.0;0.0;0.03;0;0.0;1;5.5;5.5;0;0;0;0
Jack;D;Como;Serie A;10;10;;0.0;0.0;0.0;0;0.0;0;0.0;0.0;0;0;0;0
Ravanelli;D;Cremonese;Serie A;10;10;;0.0;0.0;0.0;0;0.0;0;0.0;0.0;0;0;0;0
Marì;D;Fiorentina;Serie A;12;12;;0.0;0.09;0.26;0;0.0;10;5.45;5.3;0;0;3;0
Viti;D;Fiorentina;Serie A;12;12;;0.0;0.28;0.16;0;0.0;6;5.58;5.33;0;0;1;1
Fortini;D;Fiorentina;Serie A;16;16;;0.46;0.0;0.32;0;0.0;12;5.96;5.96;0;0;0;0
Otoa;D;Genoa;Serie A;12;12;;0.0;0.03;0.26;0;0.0;10;5.6;5.35;0;0;1;0
Rugani;D;Fiorentina;Serie A;12;12;;0.06;0.06;0.21;0;0.0;8;5.69;5.56;0;0;2;0
Gaspar K.;D;Lecce;Serie A;16;16;;0.14;0.43;0.55;0;0.0;21;5.83;5.64;0;0;6;1
Jean;D;Lecce;Serie A;13;13;;0.2;0.03;0.13;0;0.0;5;5.8;5.7;0;0;1;0
Estupinan;D;Milan;Serie A;19;19;;0.44;0.4;0.37;0;0.07;14;5.64;5.71;1;1;5;1
Hainaut;D;Parma;Serie A;10;10;;0.0;0.0;0.0;0;0.0;0;0.0;0.0;0;0;0;0
Lovik;D;Parma;Serie A;12;12;;0.08;0.0;0.16;0;0.0;6;5.58;5.58;0;0;0;0
Mateus Lusuardi;D;Pisa;Serie A;12;12;;0.17;0.03;0.08;0;0.0;3;5.83;5.67;0;0;1;0
Rus;D;Pisa;Serie A;10;10;;0.0;0.0;0.0;0;0.0;0;0.0;0.0;0;0;0;0
Kumbulla;D;Roma;Serie A;10;10;;0.0;0.0;0.0;0;0.0;0;0.0;0.0;0;0;0;0
Missori;D;Sassuolo;Serie A;10;10;;0.0;0.0;0.0;0;0.0;0;0.0;0.0;0;0;0;0
Masina;D;Torino;Serie A;13;13;;0.2;0.0;0.11;0;0.25;4;5.38;5.62;0;1;0;0
Biraghi;D;Torino;Serie A;13;13;;0.09;0.0;0.29;0;0.0;11;5.59;5.59;0;0;0;0
Palma;D;Udinese;Serie A;11;11;;0.0;0.0;0.11;0;0.0;4;5.5;5.5;0;0;0;0
Slotsager;D;Verona;Serie A;13;13;;0.25;0.0;0.16;0;0.0;6;5.75;5.75;0;0;0;0
Ndiaye;D;Parma;Serie A;13;13;;0.0;0.34;0.29;0;0.0;11;5.59;5.36;0;0;3;1
Goglichidze;D;Udinese;Serie A;12;12;;0.08;0.06;0.16;0;0.0;6;5.75;5.58;0;0;2;0
Cham;D;Verona;Serie A;11;11;;0.0;0.0;0.08;0;0.0;3;5.17;5.17;0;0;0;0
Ziolkowski;D;Roma;Serie A;14;14;;0.28;0.09;0.24;0;0.0;9;5.94;5.78;0;0;3;0
Nkounkou;D;Torino;Serie A;15;15;;0.39;0.09;0.21;0;0.12;8;5.81;5.81;0;1;3;0
Arizala;D;Udinese;Serie A;13;13;;0.3;0.0;0.13;0;0.0;5;5.8;5.8;0;0;0;0
Helland;D;Bologna;Serie A;12;12;;0.0;0.06;0.16;0;0.0;6;5.5;5.33;0;0;2;0
Lirola;D;Verona;Serie A;12;12;;0.1;0.03;0.13;0;0.0;5;5.7;5.6;0;0;1;0
Tchoca;D;Torino;Serie A;10;10;;0.0;0.0;0.0;0;0.0;0;0.0;0.0;0;0;0;0
Mlacic;D;Udinese;Serie A;12;12;;0.17;0.06;0.08;0;0.0;3;5.83;5.67;0;0;2;0
Balbo;D;Fiorentina;Serie A;13;13;;0.25;0.0;0.11;0;0.0;4;5.75;5.75;0;0;0;0
Casale;D;Bologna;Serie A;14;14;;0.15;0.0;0.26;0;0.0;10;5.65;5.65;0;0;0;0
Ilic M.;D;Bologna;Serie A;10;10;;0.0;0.0;0.0;0;0.0;0;0.0;0.0;0;0;0;0
Wieteska;D;Cagliari;Serie A;10;10;;0.0;0.0;0.0;0;0.0;0;0.0;0.0;0;0;0;0
Veroli;D;Cagliari;Serie A;10;10;;0.0;0.0;0.0;0;0.0;0;0.0;0.0;0;0;0;0
Goldaniga;D;Como;Serie A;10;10;;0.0;0.0;0.0;0;0.0;0;0.0;0.0;0;0;0;0
Ceccherini;D;Cremonese;Serie A;13;13;;0.08;0.28;0.21;0;0.12;8;5.56;5.5;0;1;1;1
Quagliata;D;Cremonese;Serie A;10;10;;0.0;0.0;0.0;0;0.0;0;0.0;0.0;0;0;0;0
Sernicola;D;Cremonese;Serie A;10;10;;0.0;0.0;0.0;0;0.0;0;0.0;0.0;0;0;0;0
Rouhi;D;Juventus;Serie A;10;10;;0.0;0.0;0.0;0;0.0;0;0.0;0.0;0;0;0;0
Gigot;D;Lazio;Serie A;10;10;;0.0;0.0;0.0;0;0.0;0;0.0;0.0;0;0;0;0
Hysaj;D;Lazio;Serie A;10;10;;0.0;0.0;0.05;0;0.0;2;5.5;5.5;0;0;0;0
Perez M.;D;Lecce;Serie A;10;10;;0.0;0.0;0.03;0;0.0;1;5.0;5.0;0;0;0;0
Kouassi;D;Lecce;Serie A;11;11;;0.0;0.0;0.11;0;0.0;4;5.5;5.5;0;0;0;0
Ndaba;D;Lecce;Serie A;12;12;;0.0;0.0;0.24;0;0.0;9;5.5;5.5;0;0;0;0
Coppola F.;D;Pisa;Serie A;11;11;;0.0;0.09;0.13;0;0.0;5;5.1;4.9;0;0;3;0
Mbambi;D;Pisa;Serie A;10;10;;0.0;0.0;0.0;0;0.0;0;0.0;0.0;0;0;0;0
Esteves T.;D;Pisa;Serie A;10;10;;0.0;0.0;0.0;0;0.0;0;0.0;0.0;0;0;0;0
Abdulhamid;D;Roma;Serie A;10;10;;0.0;0.0;0.0;0;0.0;0;0.0;0.0;0;0;0;0
Odenthal;D;Sassuolo;Serie A;10;10;;0.0;0.0;0.0;0;0.0;0;0.0;0.0;0;0;0;0
Romagna;D;Sassuolo;Serie A;13;13;;0.2;0.0;0.13;0;0.0;5;5.7;5.7;0;0;0;0
Paz Y.;D;Sassuolo;Serie A;10;10;;0.0;0.0;0.0;0;0.0;0;0.0;0.0;0;0;0;0
Pieragnolo;D;Sassuolo;Serie A;10;10;;0.0;0.0;0.0;0;0.0;0;0.0;0.0;0;0;0;0
Schuurs;D;Torino;Serie A;10;10;;0.0;0.0;0.0;0;0.0;0;0.0;0.0;0;0;0;0
Dembelè A.;D;Torino;Serie A;10;10;;0.0;0.0;0.03;0;0.0;1;5.0;5.0;0;0;0;0
Rui Modesto;D;Udinese;Serie A;17;17;;0.83;0.0;0.05;0;0.5;2;5.75;6.25;0;1;0;0
Denoon;D;Pisa;Serie A;10;10;;0.0;0.03;0.05;0;0.0;2;5.5;5.25;0;0;1;0
Candè;D;Sassuolo;Serie A;12;12;;0.06;0.06;0.21;0;0.0;8;5.69;5.56;0;0;2;0
Godfrey;D;Atalanta;Serie A;10;10;;0.0;0.0;0.0;0;0.0;0;0.0;0.0;0;0;0;0
Kouadio;D;Fiorentina;Serie A;14;14;;0.5;0.0;0.03;0;0.0;1;6.0;6.0;0;0;0;0
Lamptey;D;Fiorentina;Serie A;14;14;;0.5;0.0;0.03;0;0.0;1;6.0;6.0;0;0;0;0
Faye;D;Cremonese;Serie A;13;13;;0.14;0.03;0.18;0;0.0;7;5.71;5.64;0;0;1;0
Odogu;D;Milan;Serie A;10;10;;0.0;0.0;0.0;0;0.0;0;0.0;0.0;0;0;0;0
Albiol;D;Pisa;Serie A;15;15;;0.27;0.03;0.21;0;0.12;8;5.62;5.69;0;1;1;0
Palacios T.;D;Inter;Serie A;10;10;;0.0;0.0;0.0;0;0.0;0;0.0;0.0;0;0;0;0
Bozhinov;D;Pisa;Serie A;12;12;;0.0;0.28;0.21;0;0.0;8;5.25;5.06;0;0;1;1
Raterink;D;Cagliari;Serie A;10;10;;0.0;0.0;0.0;0;0.0;0;0.0;0.0;0;0;0;0
Paz N.;C;Como;Serie A;71;71;;4.0;0.15;0.92;0;0.14;35;6.37;7.3;12;5;5;0
McTominay;C;Napoli;Serie A;62;62;;3.42;0.03;0.87;0;0.06;33;6.39;7.26;10;2;1;0
Baturina;C;Como;Serie A;50;50;;2.78;0.0;0.66;0;0.12;25;6.3;7.14;6;3;0;0
Calhanoglu;C;Inter;Serie A;62;62;;3.81;0.21;0.58;0;0.18;22;6.52;7.64;9;4;7;0
Pulisic;C;Milan;Serie A;57;57;;3.09;0.0;0.71;0;0.15;27;6.15;7.07;8;4;0;0
Rabiot;C;Milan;Serie A;51;51;;2.7;0.37;0.76;0;0.14;29;6.33;6.98;6;4;4;1
De Bruyne;C;Napoli;Serie A;45;45;;2.65;0.03;0.45;0;0.12;17;6.26;7.24;5;2;1;0
Da Cunha;C;Como;Serie A;52;52;;2.63;0.12;0.92;0;0.11;35;6.34;6.91;6;4;4;0
Zielinski;C;Inter;Serie A;48;48;;2.36;0.09;0.79;0;0.07;30;6.25;6.8;6;2;3;0
Atta;C;Udinese;Serie A;48;48;;2.37;0.09;0.84;0;0.09;32;6.36;6.88;5;3;3;0
Ndoye;C;Bologna;Serie A;14;14;;0.0;0.0;0.0;0;0.0;0;0.0;0.0;0;0;0;0
Orsolini;C;Bologna;Serie A;58;58;;2.84;0.06;0.89;0;0.03;34;6.06;6.76;10;1;2;0
Zaniolo;C;Udinese;Serie A;49;49;;2.42;0.24;0.82;0;0.16;31;6.26;6.77;5;5;8;0
Barella;C;Inter;Serie A;49;49;;2.38;0.21;0.89;0;0.26;34;6.28;6.71;3;9;7;0
McKennie;C;Juventus;Serie A;50;50;;2.41;0.15;0.89;0;0.18;34;6.13;6.68;5;6;5;0
Conceicao;C;Juventus;Serie A;43;43;;2.05;0.09;0.79;0;0.17;30;6.28;6.7;3;5;3;0
Modric;C;Milan;Serie A;39;39;;1.71;0.12;0.87;0;0.09;33;6.45;6.67;2;3;4;0
Mandragora;C;Fiorentina;Serie A;50;50;;2.33;0.21;0.89;0;0.06;34;6.04;6.62;7;2;7;0
Konè I.;C;Sassuolo;Serie A;46;46;;2.03;0.34;0.92;0;0.0;35;6.19;6.63;6;0;3;1
Vlasic;C;Torino;Serie A;55;55;;2.6;0.21;0.97;0;0.08;37;6.03;6.66;8;3;7;0
Perrone;C;Como;Serie A;42;42;;1.74;0.24;0.95;0;0.11;36;6.22;6.47;3;4;8;0
Messias;C;Genoa;Serie A;36;36;;1.71;0.03;0.5;0;0.05;19;6.18;6.68;3;1;1;0
Isaksen;C;Lazio;Serie A;42;42;;1.96;0.0;0.71;0;0.04;27;6.04;6.63;5;1;0;0
Malinovskyi;C;Genoa;Serie A;48;48;;2.18;0.3;0.89;0;0.09;34;6.07;6.54;6;3;10;0
Saelemaekers;C;Milan;Serie A;40;40;;1.6;0.15;0.92;0;0.09;35;6.14;6.41;3;3;5;0
Zambo Anguissa;C;Napoli;Serie A;39;39;;2.04;0.03;0.47;0;0.06;18;6.17;6.86;4;1;1;0
Bernabè;C;Parma;Serie A;38;38;;1.51;0.0;0.84;0;0.03;32;6.17;6.48;3;1;0;0
Thorstvedt;C;Sassuolo;Serie A;42;42;;1.82;0.27;0.82;0;0.1;31;6.15;6.48;4;3;9;0
Rowe;C;Bologna;Serie A;40;40;;1.78;0.06;0.74;0;0.11;28;6.2;6.59;3;3;2;0
Zalewski;C;Atalanta;Serie A;39;39;;1.6;0.09;0.82;0;0.16;31;6.1;6.4;2;5;3;0
Mkhitaryan;C;Inter;Serie A;40;40;;1.77;0.15;0.74;0;0.04;28;6.21;6.59;4;1;5;0
Thuram K.;C;Juventus;Serie A;39;39;;1.51;0.06;0.89;0;0.06;34;6.1;6.4;3;2;2;0
Pisilli;C;Roma;Serie A;36;36;;1.6;0.09;0.58;0;0.18;22;6.09;6.48;2;4;3;0
Ekkelenkamp;C;Udinese;Serie A;46;46;;2.1;0.03;0.82;0;0.1;31;6.05;6.61;5;3;1;0
Taylor K.;C;Lazio;Serie A;36;36;;1.67;0.15;0.45;0;0.12;17;6.06;6.56;3;2;5;0
Ederson D.S.;C;Atalanta;Serie A;34;34;;1.31;0.09;0.79;0;0.03;30;6.25;6.43;2;1;3;0
Bernardeschi;C;Bologna;Serie A;40;40;;1.82;0.09;0.63;0;0.08;24;6.04;6.56;4;2;3;0
Odgaard;C;Bologna;Serie A;41;41;;1.94;0.03;0.58;0;0.05;22;5.91;6.61;5;1;1;0
Gaetano;C;Cagliari;Serie A;37;37;;1.43;0.12;0.84;0;0.12;32;6.06;6.31;2;4;4;0
Caqueret;C;Como;Serie A;37;37;;1.53;0.09;0.74;0;0.14;28;6.11;6.41;2;4;3;0
Strefezza;C;Parma;Serie A;33;33;;1.64;0.09;0.37;0;0.14;14;6.21;6.68;2;2;3;0
Vazquez;C;Cremonese;Serie A;29;29;;1.35;0.03;0.34;0;0.15;13;6.15;6.54;1;2;1;0
Gudmundsson A.;C;Fiorentina;Serie A;44;44;;1.83;0.37;0.84;0;0.09;32;5.88;6.34;5;3;4;1
Guendouzi;C;Lazio;Serie A;29;29;;1.11;0.4;0.42;0;0.0;16;6.16;6.31;2;0;5;1
Zaccagni;C;Lazio;Serie A;31;31;;0.91;0.43;0.68;0;0.0;26;5.88;5.96;3;0;6;1
Coulibaly L.;C;Lecce;Serie A;36;36;;1.32;0.12;0.87;0;0.03;33;6.05;6.29;3;1;4;0
Politano;C;Napoli;Serie A;39;39;;1.56;0.12;0.87;0;0.15;33;6.09;6.36;2;5;4;0
Cristante;C;Roma;Serie A;34;34;;1.1;0.18;0.97;0;0.03;37;6.11;6.22;2;1;6;0
Konè M.;C;Roma;Serie A;37;37;;1.57;0.06;0.76;0;0.1;29;6.26;6.53;2;3;2;0
Pellegrini Lo.;C;Roma;Serie A;40;40;;1.84;0.06;0.63;0;0.08;24;6.04;6.58;4;2;2;0
Volpato;C;Sassuolo;Serie A;36;36;;1.64;0.12;0.55;0;0.19;21;6.14;6.52;2;4;4;0
Casadei;C;Torino;Serie A;44;44;;1.85;0.15;0.84;0;0.0;32;5.97;6.45;6;0;5;0
Pasalic;C;Atalanta;Serie A;38;38;;1.46;0.09;0.82;0;0.1;31;5.94;6.27;3;3;3;0
Thorsby;C;Cremonese;Serie A;35;35;;1.51;0.12;0.55;0;0.05;21;6.1;6.48;3;1;4;0
Locatelli;C;Juventus;Serie A;33;33;;1.0;0.27;0.95;0;0.06;36;6.26;6.19;1;2;9;0
Santos A.;C;Napoli;Serie A;39;39;;2.33;0.03;0.34;0;0.0;13;6.35;7.23;4;0;1;0
Vandeputte;C;Cremonese;Serie A;36;36;;1.32;0.09;0.82;0;0.16;31;6.06;6.27;1;5;3;0
Fagioli;C;Fiorentina;Serie A;36;36;;1.27;0.15;0.87;0;0.09;33;6.03;6.23;2;3;5;0
Sucic P.;C;Inter;Serie A;34;34;;1.23;0.15;0.74;0;0.07;28;6.07;6.27;2;2;5;0
Cataldi;C;Lazio;Serie A;38;38;;1.6;0.18;0.71;0;0.11;27;6.07;6.41;3;3;6;0
Basic;C;Lazio;Serie A;35;35;;1.47;0.25;0.61;0;0.13;23;6.09;6.43;2;3;0;1
Ricci S.;C;Milan;Serie A;32;32;;1.07;0.09;0.74;0;0.11;28;6.0;6.18;1;3;3;0
Keita M.;C;Parma;Serie A;31;31;;0.79;0.03;0.95;0;0.03;36;6.01;6.06;1;1;1;0
Man;C;Parma;Serie A;14;14;;0.0;0.0;0.0;0;0.0;0;0.0;0.0;0;0;0;0
Harrison;C;Fiorentina;Serie A;29;29;;1.16;0.03;0.39;0;0.2;15;5.9;6.27;1;3;1;0
Brescianini;C;Fiorentina;Serie A;30;30;;1.19;0.06;0.47;0;0.06;18;5.97;6.31;2;1;2;0
Maldini;C;Lazio;Serie A;30;30;;1.19;0.03;0.47;0;0.06;18;5.94;6.31;2;1;1;0
Folorunsho;C;Cagliari;Serie A;30;30;;1.01;0.09;0.68;0;0.0;26;6.04;6.21;2;0;3;0
Fofana Y.;C;Milan;Serie A;35;35;;1.1;0.12;0.87;0;0.09;33;5.85;6.06;2;3;4;0
Loftus-Cheek;C;Milan;Serie A;35;35;;1.55;0.06;0.55;0;0.05;21;6.1;6.52;3;1;2;0
Lobotka;C;Napoli;Serie A;28;28;;0.75;0.09;0.82;0;0.0;31;6.05;6.1;1;0;3;0
Neres;C;Napoli;Serie A;38;38;;2.03;0.09;0.42;0;0.19;16;6.19;6.84;3;3;3;0
Leris;C;Pisa;Serie A;35;35;;1.23;0.06;0.84;0;0.09;32;5.94;6.19;2;3;2;0
Mazzitelli;C;Cagliari;Serie A;32;32;;1.53;0.09;0.37;0;0.14;14;6.07;6.57;2;2;3;0
De Roon;C;Atalanta;Serie A;31;31;;0.81;0.43;0.89;0;0.06;34;5.97;6.0;1;2;6;1
Samardzic;C;Atalanta;Serie A;32;32;;1.25;0.03;0.55;0;0.1;21;5.93;6.29;2;2;1;0
Moro N.;C;Bologna;Serie A;30;30;;0.92;0.03;0.74;0;0.0;28;5.93;6.12;2;0;1;0
Ndour;C;Fiorentina;Serie A;33;33;;1.02;0.06;0.79;0;0.0;30;5.8;6.07;3;0;2;0
Frendrup;C;Genoa;Serie A;29;29;;0.62;0.15;0.95;0;0.0;36;5.96;5.97;1;0;5;0
Kostic;C;Juventus;Serie A;37;37;;2.23;0.03;0.26;0;0.1;10;6.2;7.2;3;1;1;0
El Shaarawy;C;Roma;Serie A;29;29;;1.14;0.12;0.47;0;0.11;18;6.14;6.33;1;2;4;0
Baldanzi;C;Genoa;Serie A;29;29;;1.19;0.06;0.45;0;0.12;17;6.15;6.38;1;2;2;0
Karlstrom;C;Udinese;Serie A;29;29;;0.61;0.18;0.95;0;0.0;36;5.96;5.96;1;0;6;0
Zhegrova;C;Juventus;Serie A;20;20;;0.46;0.03;0.32;0;0.0;12;5.96;5.96;0;0;1;0
Gandelman;C;Lecce;Serie A;31;31;;1.29;0.0;0.42;0;0.06;16;5.97;6.41;2;1;0;0
Freuler;C;Bologna;Serie A;30;30;;0.85;0.15;0.74;0;0.07;28;6.02;6.04;1;2;5;0
Pobega;C;Bologna;Serie A;33;33;;1.2;0.31;0.61;0;0.04;23;5.83;6.17;3;1;2;1
Adopo;C;Cagliari;Serie A;30;30;;0.61;0.12;1.0;0;0.03;38;5.83;5.88;1;1;4;0
Ellertsson;C;Genoa;Serie A;29;29;;0.64;0.28;0.92;0;0.03;35;5.84;5.91;1;1;1;1
Luis Henrique;C;Inter;Serie A;30;30;;0.87;0.03;0.71;0;0.07;27;5.89;6.06;1;2;1;0
Ramadani;C;Lecce;Serie A;28;28;;0.5;0.3;0.97;0;0.0;37;5.91;5.85;1;0;10;0
El Aynaoui;C;Roma;Serie A;28;28;;0.91;0.15;0.55;0;0.1;21;5.98;6.1;1;2;5;0
Fadera;C;Sassuolo;Serie A;31;31;;1.03;0.15;0.63;0;0.04;24;5.92;6.15;2;1;5;0
Sottil;C;Lecce;Serie A;29;29;;1.05;0.03;0.55;0;0.1;21;6.02;6.24;1;2;1;0
Vergara;C;Napoli;Serie A;26;26;;1.15;0.06;0.21;0;0.0;8;6.25;6.5;1;0;2;0
Bailey;C;Roma;Serie A;17;17;;0.2;0.0;0.13;0;0.0;5;5.7;5.7;0;0;0;0
Matic;C;Sassuolo;Serie A;29;29;;0.69;0.43;0.89;0;0.03;34;5.96;5.96;1;1;6;1
Nicolussi Caviglia;C;Parma;Serie A;28;28;;0.84;0.12;0.61;0;0.17;23;5.89;6.02;0;4;4;0
Prati;C;Torino;Serie A;27;27;;0.53;0.18;0.84;0;0.0;32;5.88;5.88;1;0;6;0
Felici;C;Cagliari;Serie A;30;30;;1.43;0.09;0.29;0;0.09;11;6.05;6.55;2;1;3;0
Weah;C;Juventus;Serie A;14;14;;0.0;0.0;0.0;0;0.0;0;0.0;0.0;0;0;0;0
Miretti;C;Juventus;Serie A;26;26;;0.93;0.03;0.39;0;0.07;15;5.97;6.2;1;1;1;0
Berisha M.;C;Lecce;Serie A;36;36;;1.96;0.0;0.32;0;0.25;12;6.17;6.92;2;3;0;0
Pierotti;C;Lecce;Serie A;29;29;;0.58;0.12;0.97;0;0.03;37;5.8;5.85;1;1;4;0
Gilmour;C;Napoli;Serie A;25;25;;0.92;0.03;0.34;0;0.0;13;6.08;6.27;1;0;1;0
Gineitis;C;Torino;Serie A;24;24;;0.39;0.15;0.71;0;0.04;27;5.87;5.81;0;1;5;0
Bernede;C;Verona;Serie A;30;30;;0.81;0.06;0.82;0;0.06;31;5.87;6.0;1;2;2;0
Piotrowski;C;Udinese;Serie A;27;27;;0.6;0.06;0.79;0;0.0;30;5.88;5.95;1;0;2;0
Miller L.;C;Udinese;Serie A;24;24;;0.61;0.12;0.5;0;0.11;19;5.92;5.95;0;2;4;0
Sorensen O.;C;Parma;Serie A;28;28;;0.68;0.06;0.79;0;0.03;30;5.85;5.95;1;1;2;0
Ilkhan;C;Torino;Serie A;27;27;;0.81;0.31;0.45;0;0.12;17;5.82;6.0;1;2;2;1
Diouf;C;Inter;Serie A;26;26;;1.1;0.03;0.26;0;0.0;10;6.15;6.45;1;0;1;0
Elmas;C;Napoli;Serie A;30;30;;0.85;0.09;0.74;0;0.11;28;5.8;5.96;1;3;3;0
Gagliardini;C;Verona;Serie A;26;26;;0.49;0.3;0.76;0;0.0;29;5.91;5.84;1;0;10;0
Sulemana I.;C;Cagliari;Serie A;23;23;;0.43;0.09;0.47;0;0.0;18;5.69;5.78;1;0;3;0
Aebischer;C;Pisa;Serie A;29;29;;0.53;0.24;0.92;0;0.03;35;5.8;5.8;1;1;8;0
Fabbian;C;Fiorentina;Serie A;28;28;;0.85;0.06;0.58;0;0.0;22;5.8;6.05;2;0;2;0
Deiola;C;Cagliari;Serie A;23;23;;0.53;0.09;0.53;0;0.05;20;5.98;5.95;0;1;3;0
Vecino;C;Lazio;Serie A;21;21;;0.54;0.03;0.32;0;0.08;12;5.92;5.96;0;1;1;0
Dele-Bashiru;C;Lazio;Serie A;24;24;;0.48;0.0;0.55;0;0.0;21;5.69;5.83;1;0;0;0
Zerbin;C;Cremonese;Serie A;26;26;;0.45;0.06;0.76;0;0.07;29;5.76;5.79;0;2;2;0
Ordonez C.;C;Parma;Serie A;24;24;;0.46;0.34;0.55;0;0.0;21;5.79;5.81;1;0;3;1
Tramoni M.;C;Pisa;Serie A;31;31;;0.96;0.09;0.66;0;0.08;25;5.72;6.0;2;2;3;0
Lipani;C;Sassuolo;Serie A;23;23;;0.48;0.09;0.55;0;0.05;21;5.93;5.9;0;1;3;0
Serdar;C;Verona;Serie A;29;29;;1.02;0.09;0.47;0;0.0;18;5.97;6.22;2;0;3;0
Ferguson;C;Bologna;Serie A;24;24;;0.43;0.4;0.61;0;0.0;23;5.8;5.78;1;0;5;1
Grassi;C;Cremonese;Serie A;22;22;;0.2;0.34;0.74;0;0.0;28;5.79;5.7;0;0;3;1
Zanimacchia;C;Cremonese;Serie A;14;14;;0.0;0.0;0.0;0;0.0;0;0.0;0.0;0;0;0;0
Masini;C;Genoa;Serie A;23;23;;0.48;0.15;0.55;0;0.05;21;5.98;5.9;0;1;5;0
Maleh;C;Cremonese;Serie A;23;23;;0.36;0.34;0.55;0;0.0;21;5.69;5.71;1;0;3;1
Bondo;C;Cremonese;Serie A;23;23;;0.26;0.15;0.71;0;0.0;27;5.85;5.76;0;0;5;0
Musah;C;Atalanta;Serie A;25;25;;0.74;0.03;0.42;0;0.0;16;5.94;6.09;1;0;1;0
Estevez;C;Parma;Serie A;23;23;;0.38;0.06;0.58;0;0.05;22;5.8;5.8;0;1;2;0
Tourè I.;C;Pisa;Serie A;26;26;;0.47;0.37;0.79;0;0.0;30;5.82;5.82;1;0;4;1
Akinsanmiro;C;Pisa;Serie A;23;23;;0.38;0.06;0.61;0;0.04;23;5.8;5.8;0;1;2;0
Payero;C;Cremonese;Serie A;25;25;;0.51;0.24;0.66;0;0.0;25;5.9;5.86;1;0;8;0
Akpa Akpro;C;Verona;Serie A;24;24;;0.45;0.27;0.58;0;0.0;22;5.86;5.8;1;0;9;0
Ngom;C;Lecce;Serie A;18;18;;0.15;0.03;0.34;0;0.0;13;5.69;5.65;0;0;1;0
Loyola;C;Pisa;Serie A;21;21;;0.38;0.25;0.29;0;0.0;11;5.55;5.73;1;0;0;1
Amorim;C;Genoa;Serie A;17;17;;0.17;0.03;0.24;0;0.0;9;5.72;5.67;0;0;1;0
Carboni V.;C;Genoa;Serie A;17;17;;0.1;0.06;0.26;0;0.0;10;5.7;5.6;0;0;2;0
Frattesi;C;Inter;Serie A;20;20;;0.39;0.0;0.37;0;0.0;14;5.89;5.89;0;0;0;0
Koopmeiners;C;Juventus;Serie A;22;22;;0.05;0.15;0.76;0;0.0;29;5.64;5.55;0;0;5;0
Chukwueze;C;Milan;Serie A;14;14;;0.0;0.0;0.03;0;0.0;1;5.5;5.5;0;0;0;0
Sohm;C;Bologna;Serie A;22;22;;0.2;0.09;0.63;0;0.04;24;5.65;5.62;0;1;3;0
Piccinini G.;C;Pisa;Serie A;21;21;;0.2;0.09;0.58;0;0.0;22;5.77;5.7;0;0;3;0
Ghion;C;Sassuolo;Serie A;14;14;;0.0;0.0;0.0;0;0.0;0;0.0;0.0;0;0;0;0
Harroui;C;Verona;Serie A;23;23;;0.5;0.09;0.45;0;0.0;17;5.74;5.85;1;0;3;0
Suslov;C;Verona;Serie A;17;17;;0.1;0.28;0.26;0;0.0;10;5.75;5.6;0;0;1;1
Jashari;C;Milan;Serie A;20;20;;0.37;0.0;0.32;0;0.08;12;5.71;5.79;0;1;0;0
Oristanio;C;Parma;Serie A;24;24;;0.57;0.03;0.47;0;0.0;18;5.78;5.92;1;0;1;0
Zaragoza;C;Roma;Serie A;19;19;;0.58;0.03;0.08;0;0.33;3;5.83;6.0;0;1;1;0
El Azzouzi;C;Bologna;Serie A;14;14;;0.0;0.0;0.0;0;0.0;0;0.0;0.0;0;0;0;0
Sergi Roberto;C;Como;Serie A;19;19;;0.23;0.09;0.34;0;0.0;13;5.85;5.73;0;0;3;0
Castagnetti;C;Cremonese;Serie A;14;14;;0.0;0.0;0.0;0;0.0;0;0.0;0.0;0;0;0;0
Fazzini;C;Fiorentina;Serie A;19;19;;0.33;0.06;0.32;0;0.0;12;5.88;5.83;0;0;2;0
Douglas Luiz;C;Juventus;Serie A;14;14;;0.0;0.0;0.0;0;0.0;0;0.0;0.0;0;0;0;0
Belahyane;C;Lazio;Serie A;21;21;;0.48;0.28;0.29;0;0.18;11;5.77;5.82;0;2;1;1
Kaba;C;Lecce;Serie A;18;18;;0.23;0.03;0.29;0;0.0;11;5.77;5.73;0;0;1;0
Tete Morente;C;Lecce;Serie A;19;19;;0.15;0.06;0.39;0;0.07;15;5.57;5.57;0;1;2;0
Ondrejka;C;Parma;Serie A;19;19;;0.13;0.06;0.39;0;0.0;15;5.7;5.63;0;0;2;0
Hojholt;C;Pisa;Serie A;18;18;;0.0;0.06;0.39;0;0.0;15;5.57;5.5;0;0;2;0
Vural;C;Pisa;Serie A;18;18;;0.14;0.12;0.37;0;0.0;14;5.79;5.64;0;0;4;0
Iannoni;C;Sassuolo;Serie A;25;25;;1.15;0.09;0.13;0;0.0;5;6.0;6.5;1;0;3;0
Zarraga;C;Udinese;Serie A;18;18;;0.2;0.06;0.26;0;0.0;10;5.75;5.7;0;0;2;0
Lovric;C;Verona;Serie A;19;19;;0.33;0.06;0.26;0;0.1;10;5.75;5.75;0;1;2;0
Lorran;C;Pisa;Serie A;25;25;;1.27;0.0;0.11;0;0.0;4;5.88;6.62;1;0;0;0
Sarmiento J.;C;Cremonese;Serie A;18;18;;0.4;0.0;0.13;0;0.0;5;5.9;5.9;0;0;0;0
Iling Junior;C;Pisa;Serie A;17;17;;0.33;0.0;0.08;0;0.0;3;5.83;5.83;0;0;0;0
Engelhardt;C;Como;Serie A;14;14;;0.0;0.0;0.0;0;0.0;0;0.0;0.0;0;0;0;0
Collocolo;C;Cremonese;Serie A;17;17;;0.3;0.03;0.13;0;0.0;5;5.9;5.8;0;0;1;0
Pickel;C;Cremonese;Serie A;14;14;;0.0;0.0;0.0;0;0.0;0;0.0;0.0;0;0;0;0
Richardson;C;Fiorentina;Serie A;14;14;;0.0;0.0;0.03;0;0.0;1;5.5;5.5;0;0;0;0
Sabiri;C;Fiorentina;Serie A;14;14;;0.0;0.0;0.03;0;0.0;1;5.5;5.5;0;0;0;0
Venturino;C;Roma;Serie A;18;18;;0.36;0.0;0.18;0;0.0;7;5.86;5.86;0;0;0;0
Gronbaek;C;Genoa;Serie A;14;14;;0.0;0.03;0.05;0;0.0;2;5.5;5.25;0;0;1;0
Asllani;C;Torino;Serie A;18;18;;0.0;0.09;0.37;0;0.0;14;5.57;5.25;0;0;3;0
Rovella;C;Lazio;Serie A;19;19;;0.22;0.31;0.29;0;0.09;11;5.73;5.64;0;1;2;1
Helgason;C;Lecce;Serie A;16;16;;0.12;0.0;0.11;0;0.0;4;5.62;5.62;0;0;0;0
Hernani;C;Parma;Serie A;16;16;;0.17;0.0;0.08;0;0.0;3;5.67;5.67;0;0;0;0
Marin M.;C;Pisa;Serie A;20;20;;0.2;0.21;0.53;0;0.0;20;5.88;5.7;0;0;7;0
Boloca;C;Sassuolo;Serie A;16;16;;0.25;0.0;0.05;0;0.0;2;5.75;5.75;0;0;0;0
Anjorin;C;Torino;Serie A;18;18;;0.22;0.03;0.24;0;0.0;9;5.78;5.72;0;0;1;0
Niasse;C;Verona;Serie A;21;21;;0.3;0.03;0.42;0;0.06;16;5.69;5.72;0;1;1;0
Fini;C;Genoa;Serie A;14;14;;0.0;0.0;0.03;0;0.0;1;5.5;5.5;0;0;0;0
Gorter;C;Lecce;Serie A;14;14;;0.0;0.0;0.03;0;0.0;1;5.5;5.5;0;0;0;0
Al-Musrati;C;Verona;Serie A;19;19;;0.15;0.37;0.37;0;0.07;14;5.71;5.57;0;1;4;1
Cornet;C;Genoa;Serie A;15;15;;0.0;0.0;0.13;0;0.0;5;5.1;4.5;0;0;0;0
Bakola;C;Sassuolo;Serie A;19;19;;0.67;0.0;0.08;0;0.0;3;6.17;6.17;0;0;0;0
Liteta;C;Cagliari;Serie A;17;17;;0.25;0.0;0.11;0;0.0;4;5.75;5.75;0;0;0;0
Braunoder;C;Como;Serie A;14;14;;0.0;0.0;0.0;0;0.0;0;0.0;0.0;0;0;0;0
Alli;C;Como;Serie A;14;14;;0.0;0.0;0.0;0;0.0;0;0.0;0.0;0;0;0;0
Valoti;C;Cremonese;Serie A;14;14;;0.0;0.0;0.0;0;0.0;0;0.0;0.0;0;0;0;0
Bianco;C;Fiorentina;Serie A;14;14;;0.0;0.0;0.0;0;0.0;0;0.0;0.0;0;0;0;0
Stanciu;C;Genoa;Serie A;15;15;;0.0;0.0;0.11;0;0.0;4;5.5;4.75;0;0;0;0
Pierret;C;Lecce;Serie A;18;18;;0.5;0.0;0.03;0;0.0;1;6.0;6.0;0;0;0;0
Rafia;C;Lecce;Serie A;14;14;;0.0;0.0;0.0;0;0.0;0;0.0;0.0;0;0;0;0
Marchwinski;C;Lecce;Serie A;14;14;;0.0;0.0;0.0;0;0.0;0;0.0;0.0;0;0;0;0
Liberali;C;Milan;Serie A;14;14;;0.0;0.0;0.0;0;0.0;0;0.0;0.0;0;0;0;0
Arena;C;Pisa;Serie A;14;14;;0.0;0.0;0.0;0;0.0;0;0.0;0.0;0;0;0;0
Tameze;C;Torino;Serie A;19;19;;0.09;0.09;0.45;0;0.0;17;5.65;5.59;0;0;3;0
Ilic;C;Torino;Serie A;19;19;;0.38;0.06;0.21;0;0.0;8;6.0;5.88;0;0;2;0
Pafundi;C;Udinese;Serie A;14;14;;0.0;0.0;0.0;0;0.0;0;0.0;0.0;0;0;0;0
Santiago;C;Verona;Serie A;14;14;;0.0;0.0;0.0;0;0.0;0;0.0;0.0;0;0;0;0
Kastanos;C;Verona;Serie A;18;18;;0.5;0.0;0.03;0;0.0;1;6.0;6.0;0;0;0;0
Cissè A.;C;Verona;Serie A;14;14;;0.0;0.0;0.0;0;0.0;0;0.0;0.0;0;0;0;0
Rog;C;Cagliari;Serie A;14;14;;0.0;0.0;0.0;0;0.0;0;0.0;0.0;0;0;0;0
Adzic;C;Juventus;Serie A;27;27;;1.53;0.0;0.11;0;0.0;4;6.12;6.88;1;0;0;0
Cuenca H.;C;Genoa;Serie A;14;14;;0.0;0.0;0.0;0;0.0;0;0.0;0.0;0;0;0;0
Vranckx;C;Sassuolo;Serie A;18;18;;0.07;0.06;0.37;0;0.0;14;5.64;5.57;0;0;2;0
Sala A.;C;Lecce;Serie A;20;20;;0.58;0.0;0.11;0;0.25;4;5.75;6.0;0;1;0;0
Stengs;C;Pisa;Serie A;14;14;;0.0;0.0;0.03;0;0.0;1;5.5;5.5;0;0;0;0
Onana J.;C;Genoa;Serie A;16;16;;0.25;0.0;0.05;0;0.0;2;5.75;5.75;0;0;0;0
Cremaschi;C;Parma;Serie A;18;18;;0.5;0.0;0.03;0;0.0;1;6.0;6.0;0;0;0;0
Fofana Sa.;C;Lecce;Serie A;14;14;;0.0;0.0;0.05;0;0.0;2;5.5;5.5;0;0;0;0
Przyborek;C;Lazio;Serie A;14;14;;0.0;0.0;0.0;0;0.0;0;0.0;0.0;0;0;0;0
Lahdo;C;Como;Serie A;14;14;;0.0;0.0;0.0;0;0.0;0;0.0;0.0;0;0;0;0
Martinez L.;A;Inter;Serie A;94;94;;5.78;0.12;0.79;0;0.2;30;6.42;8.25;17;6;4;0
Thuram;A;Inter;Serie A;82;82;;4.88;0.06;0.76;0;0.21;29;6.43;7.95;13;6;2;0
Hojlund;A;Napoli;Serie A;76;76;;4.14;0.03;0.87;0;0.15;33;6.21;7.44;12;5;1;0
Douvikas;A;Como;Serie A;76;76;;4.06;0.0;0.95;0;0.03;36;6.18;7.38;14;1;0;0
Yildiz;A;Juventus;Serie A;72;72;;3.78;0.06;0.92;0;0.17;35;6.39;7.3;10;6;2;0
Berardi;A;Sassuolo;Serie A;61;61;;3.21;0.31;0.68;0;0.15;26;6.31;7.19;8;4;2;1
Malen;A;Roma;Serie A;84;84;;5.73;0.03;0.47;0;0.11;18;6.72;8.97;14;2;1;0
Krstovic;A;Atalanta;Serie A;69;69;;3.59;0.12;0.84;0;0.16;32;6.16;7.19;10;5;4;0
Davis K.;A;Udinese;Serie A;68;68;;3.69;0.15;0.79;0;0.13;30;6.32;7.37;10;4;5;0
Scamacca;A;Atalanta;Serie A;64;64;;3.63;0.06;0.58;0;0.05;22;6.18;7.55;10;1;2;0
Bonazzoli;A;Cremonese;Serie A;65;65;;3.17;0.12;0.92;0;0.06;35;6.16;7.01;10;2;4;0
Esposito F.P.;A;Inter;Serie A;57;57;;2.81;0.03;0.82;0;0.1;31;6.26;7.02;7;3;1;0
Simeone;A;Torino;Serie A;65;65;;3.24;0.03;0.84;0;0.0;32;6.08;7.09;11;0;1;0
Esposito Se.;A;Cagliari;Serie A;59;59;;2.75;0.18;0.95;0;0.11;36;6.26;6.88;7;4;6;0
Laurientè;A;Sassuolo;Serie A;66;66;;3.26;0.12;0.97;0;0.24;37;6.23;6.99;7;9;4;0
Bonny;A;Inter;Serie A;51;51;;2.4;0.03;0.71;0;0.15;27;6.15;6.83;5;4;1;0
Leao;A;Milan;Serie A;61;61;;2.95;0.15;0.74;0;0.11;28;5.88;6.86;9;3;5;0
Soulè;A;Roma;Serie A;56;56;;2.63;0.03;0.84;0;0.16;32;6.12;6.83;6;5;1;0
Castellanos;A;Lazio;Serie A;39;39;;1.86;0.06;0.29;0;0.27;11;6.09;6.82;2;3;2;0
Pellegrino M.;A;Parma;Serie A;58;58;;2.5;0.15;0.97;0;0.0;37;5.99;6.65;9;0;5;0
Nkunku;A;Milan;Serie A;55;55;;2.66;0.0;0.68;0;0.12;26;5.94;6.87;7;3;0;0
Castro S.;A;Bologna;Serie A;53;53;;2.14;0.09;0.92;0;0.03;35;5.93;6.51;7;1;3;0
De Ketelaere;A;Atalanta;Serie A;47;47;;1.95;0.12;0.82;0;0.16;31;6.21;6.6;3;5;4;0
Kean;A;Fiorentina;Serie A;55;55;;2.55;0.12;0.68;0;0.04;26;5.88;6.77;8;1;4;0
Vlahovic;A;Juventus;Serie A;53;53;;2.86;0.0;0.47;0;0.0;18;6.14;7.31;7;0;0;0
Pedro;A;Lazio;Serie A;48;48;;2.19;0.12;0.61;0;0.09;23;6.13;6.78;5;2;4;0
Moreo;A;Pisa;Serie A;52;52;;2.11;0.06;0.92;0;0.0;35;5.99;6.56;7;0;2;0
Pinamonti;A;Sassuolo;Serie A;60;60;;2.71;0.31;0.89;0;0.09;34;5.88;6.62;9;3;2;1
Adams C.;A;Torino;Serie A;53;53;;2.28;0.0;0.84;0;0.09;32;5.98;6.64;6;3;0;0
Thauvin;A;Udinese;Serie A;18;18;;0.0;0.0;0.0;0;0.0;0;0.0;0.0;0;0;0;0
Vardy;A;Cremonese;Serie A;52;52;;2.25;0.15;0.76;0;0.03;29;5.95;6.62;7;1;5;0
Rodriguez Je.;A;Como;Serie A;48;48;;2.1;0.34;0.74;0;0.29;28;6.25;6.66;2;8;3;1
Banda;A;Lecce;Serie A;51;51;;2.12;0.43;0.84;0;0.12;32;6.08;6.55;5;4;6;1
Raspadori;A;Atalanta;Serie A;40;40;;1.91;0.0;0.34;0;0.08;13;6.12;6.88;3;1;0;0
Lukaku;A;Napoli;Serie A;49;49;;4.15;0.03;0.03;0;0.0;1;7.0;9.5;1;0;1;0
Lookman;A;Atalanta;Serie A;32;32;;1.2;0.0;0.26;0;0.0;10;5.8;6.4;2;0;0;0
Colombo;A;Genoa;Serie A;52;52;;2.04;0.06;0.97;0;0.03;37;5.92;6.41;7;1;2;0
Noslin;A;Lazio;Serie A;43;43;;1.76;0.37;0.61;0;0.09;23;6.02;6.5;4;2;4;1
Orban G.;A;Verona;Serie A;52;52;;2.25;0.37;0.74;0;0.07;28;5.82;6.54;7;2;4;1
Vitinha O.;A;Genoa;Serie A;46;46;;1.72;0.15;0.82;0;0.03;31;5.95;6.39;5;1;5;0
David;A;Juventus;Serie A;49;49;;1.89;0.0;0.79;0;0.07;30;5.77;6.33;6;2;0;0
Lang;A;Napoli;Serie A;32;32;;1.13;0.06;0.37;0;0.14;14;6.04;6.32;1;2;2;0
Dybala;A;Roma;Serie A;45;45;;2.1;0.0;0.55;0;0.33;21;6.26;6.74;2;7;0;0
Giovane;A;Napoli;Serie A;47;47;;1.88;0.06;0.82;0;0.19;31;6.0;6.45;3;6;2;0
Kilicsoy;A;Cagliari;Serie A;41;41;;1.88;0.03;0.42;0;0.0;16;6.03;6.78;4;0;1;0
Cambiaghi;A;Bologna;Serie A;43;43;;1.69;0.34;0.63;0;0.17;24;5.98;6.42;3;4;3;1
Diao;A;Como;Serie A;34;34;;1.26;0.06;0.42;0;0.06;16;6.0;6.38;2;1;2;0
Ekuban;A;Genoa;Serie A;43;43;;1.61;0.0;0.74;0;0.04;28;5.96;6.43;4;1;0;0
Gimenez;A;Milan;Serie A;23;23;;0.11;0.06;0.39;0;0.07;15;5.5;5.53;0;1;2;0
Borrelli;A;Cagliari;Serie A;45;45;;1.79;0.12;0.68;0;0.04;26;5.92;6.46;5;1;4;0
Gonzalez N.;A;Juventus;Serie A;18;18;;0.0;0.0;0.0;0;0.0;0;0.0;0.0;0;0;0;0
Cancellieri;A;Lazio;Serie A;42;42;;1.47;0.18;0.74;0;0.04;28;5.93;6.29;4;1;6;0
Cheddira;A;Lecce;Serie A;41;41;;1.49;0.09;0.63;0;0.04;24;5.81;6.31;4;1;3;0
Boga;A;Juventus;Serie A;44;44;;2.33;0.03;0.34;0;0.08;13;6.19;7.15;4;1;1;0
Okereke;A;Cremonese;Serie A;32;32;;1.3;0.0;0.26;0;0.0;10;5.9;6.5;2;0;0;0
Ekhator;A;Genoa;Serie A;37;37;;1.23;0.09;0.66;0;0.0;25;5.96;6.28;3;0;3;0
Dovbyk;A;Roma;Serie A;39;39;;1.8;0.0;0.34;0;0.08;13;6.0;6.77;3;1;0;0
Ferguson E.;A;Roma;Serie A;41;41;;1.97;0.03;0.37;0;0.14;14;6.11;6.86;3;2;1;0
Nzola;A;Sassuolo;Serie A;41;41;;1.44;0.31;0.71;0;0.04;27;5.96;6.26;4;1;2;1
Fullkrug;A;Milan;Serie A;27;27;;0.41;0.0;0.5;0;0.0;19;5.76;5.76;1;0;0;0
Durosinmi;A;Pisa;Serie A;28;28;;0.73;0.28;0.26;0;0.1;10;5.7;6.0;1;1;1;1
Bowie;A;Verona;Serie A;41;41;;1.89;0.03;0.37;0;0.0;14;5.96;6.79;4;0;1;0
Sulemana K.;A;Atalanta;Serie A;35;35;;1.12;0.12;0.55;0;0.05;21;6.0;6.24;2;1;4;0
Piccoli;A;Fiorentina;Serie A;41;41;;1.42;0.03;0.71;0;0.04;27;5.78;6.24;4;1;1;0
Ngonge;A;Torino;Serie A;29;29;;0.73;0.06;0.45;0;0.06;17;5.82;6.0;1;1;2;0
Ratkov;A;Lazio;Serie A;21;21;;0.14;0.0;0.18;0;0.0;7;5.64;5.64;0;0;0;0
Benedyczak;A;Parma;Serie A;30;30;;1.03;0.03;0.26;0;0.1;10;5.95;6.3;1;1;1;0
Zapata D.;A;Torino;Serie A;37;37;;1.16;0.0;0.61;0;0.04;23;5.83;6.13;3;1;0;0
Stulic;A;Lecce;Serie A;40;40;;1.22;0.03;0.79;0;0.0;30;5.73;6.12;4;0;1;0
Solomon;A;Fiorentina;Serie A;34;34;;1.34;0.03;0.34;0;0.08;13;5.96;6.46;2;1;1;0
Vaz;A;Roma;Serie A;28;28;;1.01;0.0;0.18;0;0.0;7;5.93;6.36;1;0;0;0
Tourè E.;A;Atalanta;Serie A;18;18;;0.0;0.0;0.0;0;0.0;0;0.0;0.0;0;0;0;0
Johnsen;A;Cremonese;Serie A;29;29;;1.01;0.0;0.24;0;0.11;9;5.83;6.28;1;1;0;0
N'Dri;A;Lecce;Serie A;31;31;;0.89;0.09;0.45;0;0.0;17;5.82;6.09;2;0;3;0
Buksa;A;Udinese;Serie A;36;36;;1.19;0.09;0.55;0;0.0;21;5.88;6.24;3;0;3;0
Dallinga;A;Bologna;Serie A;33;33;;1.01;0.06;0.5;0;0.05;19;5.82;6.13;2;1;2;0
Addai;A;Como;Serie A;36;36;;1.49;0.12;0.32;0;0.0;12;5.96;6.54;3;0;4;0
Cutrone;A;Parma;Serie A;27;27;;0.58;0.0;0.37;0;0.0;14;5.71;5.93;1;0;0;0
Beltran L.;A;Fiorentina;Serie A;18;18;;0.0;0.0;0.0;0;0.0;0;0.0;0.0;0;0;0;0
Dia;A;Lazio;Serie A;32;32;;0.67;0.03;0.66;0;0.08;25;5.68;5.86;1;2;1;0
Njie;A;Torino;Serie A;29;29;;0.88;0.06;0.26;0;0.1;10;5.8;6.15;1;1;2;0
Sanchez;A;Udinese;Serie A;18;18;;0.0;0.0;0.0;0;0.0;0;0.0;0.0;0;0;0;0
Elphege;A;Parma;Serie A;36;36;;1.76;0.0;0.21;0;0.12;8;6.0;6.88;2;1;0;0
Kuhn;A;Como;Serie A;30;30;;0.98;0.0;0.37;0;0.07;14;5.96;6.25;1;1;0;0
Lucca;A;Napoli;Serie A;26;26;;0.65;0.03;0.24;0;0.0;9;5.72;6.0;1;0;1;0
Djuric;A;Cremonese;Serie A;25;25;;0.58;0.06;0.24;0;0.11;9;6.0;6.0;0;1;2;0
Meister;A;Pisa;Serie A;32;32;;0.63;0.06;0.71;0;0.0;27;5.65;5.83;2;0;2;0
Mulattieri;A;Sassuolo;Serie A;18;18;;0.0;0.0;0.0;0;0.0;0;0.0;0.0;0;0;0;0
Belotti;A;Cagliari;Serie A;39;39;;2.42;0.0;0.11;0;0.0;4;6.12;7.62;2;0;0;0
Gueye;A;Udinese;Serie A;27;27;;0.57;0.06;0.34;0;0.0;13;5.77;5.92;1;0;2;0
Mendy P.;A;Cagliari;Serie A;33;33;;1.42;0.03;0.21;0;0.0;8;5.94;6.62;2;0;1;0
Immobile;A;Bologna;Serie A;20;20;;0.0;0.03;0.16;0;0.0;6;5.58;5.5;0;0;1;0
Taremi;A;Inter;Serie A;18;18;;0.0;0.0;0.0;0;0.0;0;0.0;0.0;0;0;0;0
Okafor;A;Milan;Serie A;18;18;;0.0;0.0;0.0;0;0.0;0;0.0;0.0;0;0;0;0
Lind;A;Pisa;Serie A;18;18;;0.0;0.0;0.0;0;0.0;0;0.0;0.0;0;0;0;0
Sanabria;A;Cremonese;Serie A;30;30;;0.62;0.06;0.61;0;0.04;23;5.76;5.89;1;1;2;0
Bravo;A;Udinese;Serie A;29;29;;1.27;0.03;0.11;0;0.0;4;6.0;6.62;1;0;1;0
Sarr A.;A;Verona;Serie A;26;26;;0.14;0.25;0.76;0;0.0;29;5.67;5.64;0;0;0;1
Mosquera;A;Verona;Serie A;28;28;;0.73;0.03;0.37;0;0.14;14;5.96;6.07;0;2;1;0
Openda;A;Juventus;Serie A;28;28;;0.65;0.0;0.37;0;0.0;14;5.79;6.0;1;0;0;0
Stojilkovic;A;Pisa;Serie A;22;22;;0.08;0.0;0.32;0;0.0;12;5.58;5.58;0;0;0;0
Kulenovic;A;Torino;Serie A;23;23;;0.37;0.06;0.18;0;0.14;7;5.71;5.79;0;1;2;0
Dominguez B.;A;Bologna;Serie A;28;28;;0.78;0.03;0.32;0;0.25;12;5.83;6.04;0;3;1;0
Karlsson;A;Bologna;Serie A;18;18;;0.0;0.0;0.0;0;0.0;0;0.0;0.0;0;0;0;0
Luvumbo;A;Cagliari;Serie A;23;23;;0.3;0.0;0.26;0;0.0;10;5.8;5.8;0;0;0;0
Pavoletti;A;Cagliari;Serie A;28;28;;1.07;0.03;0.16;0;0.0;6;6.0;6.42;1;0;1;0
De Luca;A;Cremonese;Serie A;52;52;;4.65;0.0;0.03;0;0.0;1;7.0;10.0;1;0;0;0
Dzeko;A;Fiorentina;Serie A;20;20;;0.06;0.03;0.21;0;0.0;8;5.62;5.56;0;0;1;0
Almqvist;A;Parma;Serie A;25;25;;0.64;0.0;0.24;0;0.11;9;5.94;6.06;0;1;0;0
Brenner;A;Udinese;Serie A;18;18;;0.0;0.0;0.0;0;0.0;0;0.0;0.0;0;0;0;0
Rocha Livramento;A;Verona;Serie A;18;18;;0.0;0.0;0.0;0;0.0;0;0.0;0.0;0;0;0;0
Camarda;A;Lecce;Serie A;26;26;;0.29;0.03;0.47;0;0.0;18;5.67;5.64;1;0;1;0
Pierini;A;Sassuolo;Serie A;22;22;;0.38;0.03;0.11;0;0.0;4;6.0;5.88;0;0;1;0
Alvarez A.;A;Sassuolo;Serie A;18;18;;0.0;0.0;0.0;0;0.0;0;0.0;0.0;0;0;0;0
Bayo V.;A;Udinese;Serie A;25;25;;0.41;0.0;0.32;0;0.08;12;5.75;5.83;0;1;0;0
Morata;A;Como;Serie A;22;22;;0.0;0.31;0.45;0;0.0;17;5.5;5.21;0;0;2;1
Braschi;A;Fiorentina;Serie A;20;20;;0.25;0.0;0.05;0;0.0;2;5.75;5.75;0;0;0;0
Ambrosino;A;Napoli;Serie A;18;18;;0.0;0.0;0.03;0;0.0;1;5.5;5.5;0;0;0;0
Moumbagna;A;Cremonese;Serie A;20;20;;0.1;0.0;0.13;0;0.0;5;5.6;5.6;0;0;0;0
Albarracin;A;Cagliari;Serie A;22;22;;0.5;0.0;0.05;0;0.0;2;6.0;6.0;0;0;0;0
Mikolajewski;A;Parma;Serie A;22;22;;0.5;0.0;0.03;0;0.0;1;6.0;6.0;0;0;0;0
Azon;A;Como;Serie A;18;18;;0.0;0.0;0.0;0;0.0;0;0.0;0.0;0;0;0;0
Gabrielloni;A;Como;Serie A;18;18;;0.0;0.0;0.0;0;0.0;0;0.0;0.0;0;0;0;0
Nasti;A;Cremonese;Serie A;18;18;;0.0;0.0;0.0;0;0.0;0;0.0;0.0;0;0;0;0
Milik;A;Juventus;Serie A;22;22;;0.5;0.0;0.05;0;0.0;2;6.0;6.0;0;0;0;0
Buffon L.;A;Pisa;Serie A;18;18;;0.0;0.0;0.0;0;0.0;0;0.0;0.0;0;0;0;0
Bonfanti N.;A;Pisa;Serie A;18;18;;0.0;0.0;0.0;0;0.0;0;0.0;0.0;0;0;0;0
Moro L.;A;Sassuolo;Serie A;20;20;;0.0;0.03;0.16;0;0.0;6;5.58;5.5;0;0;1;0
Skjellerup;A;Sassuolo;Serie A;18;18;;0.0;0.0;0.0;0;0.0;0;0.0;0.0;0;0;0;0
Pizarro;A;Udinese;Serie A;18;18;;0.0;0.0;0.0;0;0.0;0;0.0;0.0;0;0;0;0
Aboukhlal;A;Torino;Serie A;22;22;;0.14;0.12;0.29;0;0.0;11;5.77;5.64;0;0;4;0
Frigan;A;Parma;Serie A;18;18;;0.0;0.0;0.0;0;0.0;0;0.0;0.0;0;0;0;0
Kouamè;A;Fiorentina;Serie A;22;22;;0.5;0.0;0.03;0;0.0;1;6.0;6.0;0;0;0;0
Balentien;A;Milan;Serie A;18;18;;0.0;0.0;0.0;0;0.0;0;0.0;0.0;0;0;0;0
Arena A.;A;Roma;Serie A;22;22;;0.5;0.0;0.03;0;0.0;1;6.0;6.0;0;0;0;0
Isaac;A;Verona;Serie A;22;22;;0.5;0.0;0.03;0;0.0;1;6.0;6.0;0;0;0;0
Trepy;A;Cagliari;Serie A;20;20;;0.17;0.0;0.08;0;0.0;3;5.67;5.67;0;0;0;0
Vermesan;A;Verona;Serie A;25;25;;1.0;0.0;0.03;0;0.0;1;6.5;6.5;0;0;0;0
Mosconi;A;Inter;Serie A;18;18;;0.0;0.0;0.0;0;0.0;0;0.0;0.0;0;0;0;0
